[
    {
        "model": "admin.logentry",
        "pk": 1,
        "fields": {
            "action_time": "2023-12-15T09:37:04.673Z",
            "user": 1,
            "content_type": 8,
            "object_id": "10",
            "object_repr": "3",
            "action_flag": 3,
            "change_message": ""
        }
    },
    {
        "model": "admin.logentry",
        "pk": 2,
        "fields": {
            "action_time": "2023-12-15T09:37:04.679Z",
            "user": 1,
            "content_type": 8,
            "object_id": "9",
            "object_repr": "3",
            "action_flag": 3,
            "change_message": ""
        }
    },
    {
        "model": "admin.logentry",
        "pk": 3,
        "fields": {
            "action_time": "2023-12-15T09:37:04.679Z",
            "user": 1,
            "content_type": 8,
            "object_id": "8",
            "object_repr": "3",
            "action_flag": 3,
            "change_message": ""
        }
    },
    {
        "model": "admin.logentry",
        "pk": 4,
        "fields": {
            "action_time": "2023-12-15T09:37:04.680Z",
            "user": 1,
            "content_type": 8,
            "object_id": "7",
            "object_repr": "3",
            "action_flag": 3,
            "change_message": ""
        }
    },
    {
        "model": "admin.logentry",
        "pk": 5,
        "fields": {
            "action_time": "2023-12-15T09:37:04.680Z",
            "user": 1,
            "content_type": 8,
            "object_id": "6",
            "object_repr": "3",
            "action_flag": 3,
            "change_message": ""
        }
    },
    {
        "model": "admin.logentry",
        "pk": 6,
        "fields": {
            "action_time": "2023-12-15T09:37:04.681Z",
            "user": 1,
            "content_type": 8,
            "object_id": "5",
            "object_repr": "3",
            "action_flag": 3,
            "change_message": ""
        }
    },
    {
        "model": "admin.logentry",
        "pk": 7,
        "fields": {
            "action_time": "2023-12-15T09:37:04.682Z",
            "user": 1,
            "content_type": 8,
            "object_id": "4",
            "object_repr": "3",
            "action_flag": 3,
            "change_message": ""
        }
    },
    {
        "model": "admin.logentry",
        "pk": 8,
        "fields": {
            "action_time": "2023-12-15T09:37:04.682Z",
            "user": 1,
            "content_type": 8,
            "object_id": "3",
            "object_repr": "3",
            "action_flag": 3,
            "change_message": ""
        }
    },
    {
        "model": "admin.logentry",
        "pk": 9,
        "fields": {
            "action_time": "2023-12-15T09:38:50.048Z",
            "user": 1,
            "content_type": 8,
            "object_id": "12",
            "object_repr": "3",
            "action_flag": 3,
            "change_message": ""
        }
    },
    {
        "model": "admin.logentry",
        "pk": 10,
        "fields": {
            "action_time": "2023-12-15T09:38:50.051Z",
            "user": 1,
            "content_type": 8,
            "object_id": "11",
            "object_repr": "3",
            "action_flag": 3,
            "change_message": ""
        }
    },
    {
        "model": "admin.logentry",
        "pk": 11,
        "fields": {
            "action_time": "2023-12-15T09:44:33.158Z",
            "user": 1,
            "content_type": 8,
            "object_id": "14",
            "object_repr": "3",
            "action_flag": 3,
            "change_message": ""
        }
    },
    {
        "model": "admin.logentry",
        "pk": 12,
        "fields": {
            "action_time": "2023-12-15T09:44:33.161Z",
            "user": 1,
            "content_type": 8,
            "object_id": "13",
            "object_repr": "3",
            "action_flag": 3,
            "change_message": ""
        }
    },
    {
        "model": "admin.logentry",
        "pk": 13,
        "fields": {
            "action_time": "2023-12-15T09:58:33.712Z",
            "user": 1,
            "content_type": 8,
            "object_id": "16",
            "object_repr": "3",
            "action_flag": 3,
            "change_message": ""
        }
    },
    {
        "model": "admin.logentry",
        "pk": 14,
        "fields": {
            "action_time": "2023-12-15T09:58:33.716Z",
            "user": 1,
            "content_type": 8,
            "object_id": "15",
            "object_repr": "3",
            "action_flag": 3,
            "change_message": ""
        }
    },
    {
        "model": "admin.logentry",
        "pk": 15,
        "fields": {
            "action_time": "2023-12-15T10:02:38.930Z",
            "user": 1,
            "content_type": 8,
            "object_id": "18",
            "object_repr": "3",
            "action_flag": 3,
            "change_message": ""
        }
    },
    {
        "model": "admin.logentry",
        "pk": 16,
        "fields": {
            "action_time": "2023-12-15T10:02:38.932Z",
            "user": 1,
            "content_type": 8,
            "object_id": "17",
            "object_repr": "3",
            "action_flag": 3,
            "change_message": ""
        }
    },
    {
        "model": "admin.logentry",
        "pk": 17,
        "fields": {
            "action_time": "2023-12-15T10:05:16.934Z",
            "user": 1,
            "content_type": 8,
            "object_id": "20",
            "object_repr": "3",
            "action_flag": 3,
            "change_message": ""
        }
    },
    {
        "model": "admin.logentry",
        "pk": 18,
        "fields": {
            "action_time": "2023-12-15T10:05:16.938Z",
            "user": 1,
            "content_type": 8,
            "object_id": "19",
            "object_repr": "3",
            "action_flag": 3,
            "change_message": ""
        }
    },
    {
        "model": "admin.logentry",
        "pk": 19,
        "fields": {
            "action_time": "2023-12-15T10:24:45.572Z",
            "user": 1,
            "content_type": 8,
            "object_id": "22",
            "object_repr": "3",
            "action_flag": 3,
            "change_message": ""
        }
    },
    {
        "model": "admin.logentry",
        "pk": 20,
        "fields": {
            "action_time": "2023-12-15T10:24:45.574Z",
            "user": 1,
            "content_type": 8,
            "object_id": "21",
            "object_repr": "3",
            "action_flag": 3,
            "change_message": ""
        }
    },
    {
        "model": "admin.logentry",
        "pk": 21,
        "fields": {
            "action_time": "2023-12-17T13:05:02.993Z",
            "user": 1,
            "content_type": 6,
            "object_id": "9",
            "object_repr": "Can we delay the menopause? - BBC News - Can-we-delay-the-menopause.txt",
            "action_flag": 2,
            "change_message": "[{\"changed\": {\"fields\": [\"Tip\"]}}]"
        }
    },
    {
        "model": "admin.logentry",
        "pk": 22,
        "fields": {
            "action_time": "2023-12-18T10:26:24.254Z",
            "user": 1,
            "content_type": 6,
            "object_id": "8",
            "object_repr": "Race to recycle wind turbines in Denmark",
            "action_flag": 2,
            "change_message": "[{\"changed\": {\"fields\": [\"Timestamps\"]}}]"
        }
    },
    {
        "model": "admin.logentry",
        "pk": 23,
        "fields": {
            "action_time": "2023-12-20T15:22:15.894Z",
            "user": 1,
            "content_type": 8,
            "object_id": "30",
            "object_repr": "1",
            "action_flag": 2,
            "change_message": "[{\"changed\": {\"fields\": [\"User current line\", \"Lines\"]}}]"
        }
    },
    {
        "model": "admin.logentry",
        "pk": 24,
        "fields": {
            "action_time": "2023-12-20T15:22:31.257Z",
            "user": 1,
            "content_type": 8,
            "object_id": "28",
            "object_repr": "8",
            "action_flag": 2,
            "change_message": "[{\"changed\": {\"fields\": [\"User current line\"]}}]"
        }
    },
    {
        "model": "admin.logentry",
        "pk": 25,
        "fields": {
            "action_time": "2023-12-20T15:22:49.464Z",
            "user": 1,
            "content_type": 8,
            "object_id": "23",
            "object_repr": "3",
            "action_flag": 2,
            "change_message": "[{\"changed\": {\"fields\": [\"User current line\"]}}]"
        }
    },
    {
        "model": "admin.logentry",
        "pk": 26,
        "fields": {
            "action_time": "2023-12-20T15:22:57.535Z",
            "user": 1,
            "content_type": 8,
            "object_id": "25",
            "object_repr": "5",
            "action_flag": 2,
            "change_message": "[{\"changed\": {\"fields\": [\"User current line\"]}}]"
        }
    },
    {
        "model": "admin.logentry",
        "pk": 27,
        "fields": {
            "action_time": "2023-12-20T15:23:10.152Z",
            "user": 1,
            "content_type": 8,
            "object_id": "24",
            "object_repr": "3",
            "action_flag": 2,
            "change_message": "[{\"changed\": {\"fields\": [\"User current line\"]}}]"
        }
    },
    {
        "model": "admin.logentry",
        "pk": 28,
        "fields": {
            "action_time": "2023-12-20T15:43:08.468Z",
            "user": 1,
            "content_type": 8,
            "object_id": "32",
            "object_repr": "6",
            "action_flag": 2,
            "change_message": "[{\"changed\": {\"fields\": [\"User current line\", \"Lines\"]}}]"
        }
    },
    {
        "model": "admin.logentry",
        "pk": 29,
        "fields": {
            "action_time": "2023-12-20T19:09:57.459Z",
            "user": 1,
            "content_type": 8,
            "object_id": "32",
            "object_repr": "6",
            "action_flag": 2,
            "change_message": "[{\"changed\": {\"fields\": [\"User current line\"]}}]"
        }
    },
    {
        "model": "admin.logentry",
        "pk": 30,
        "fields": {
            "action_time": "2023-12-20T20:24:21.485Z",
            "user": 1,
            "content_type": 8,
            "object_id": "32",
            "object_repr": "6",
            "action_flag": 2,
            "change_message": "[{\"changed\": {\"fields\": [\"User current line\"]}}]"
        }
    },
    {
        "model": "admin.logentry",
        "pk": 31,
        "fields": {
            "action_time": "2023-12-20T20:27:11.203Z",
            "user": 1,
            "content_type": 8,
            "object_id": "32",
            "object_repr": "6",
            "action_flag": 2,
            "change_message": "[{\"changed\": {\"fields\": [\"User current line\"]}}]"
        }
    },
    {
        "model": "admin.logentry",
        "pk": 32,
        "fields": {
            "action_time": "2023-12-20T20:30:15.796Z",
            "user": 1,
            "content_type": 8,
            "object_id": "32",
            "object_repr": "6",
            "action_flag": 2,
            "change_message": "[{\"changed\": {\"fields\": [\"User current line\", \"Lines\"]}}]"
        }
    },
    {
        "model": "admin.logentry",
        "pk": 33,
        "fields": {
            "action_time": "2023-12-20T20:32:15.684Z",
            "user": 1,
            "content_type": 8,
            "object_id": "32",
            "object_repr": "6",
            "action_flag": 2,
            "change_message": "[{\"changed\": {\"fields\": [\"User current line\", \"Lines\"]}}]"
        }
    },
    {
        "model": "admin.logentry",
        "pk": 34,
        "fields": {
            "action_time": "2023-12-20T21:28:46.399Z",
            "user": 1,
            "content_type": 8,
            "object_id": "32",
            "object_repr": "6",
            "action_flag": 2,
            "change_message": "[{\"changed\": {\"fields\": [\"User current line\", \"Lines\"]}}]"
        }
    },
    {
        "model": "admin.logentry",
        "pk": 35,
        "fields": {
            "action_time": "2023-12-20T21:33:17.687Z",
            "user": 1,
            "content_type": 8,
            "object_id": "32",
            "object_repr": "6",
            "action_flag": 2,
            "change_message": "[{\"changed\": {\"fields\": [\"User current line\", \"Lines\"]}}]"
        }
    },
    {
        "model": "admin.logentry",
        "pk": 36,
        "fields": {
            "action_time": "2023-12-20T21:36:03.541Z",
            "user": 1,
            "content_type": 8,
            "object_id": "32",
            "object_repr": "6",
            "action_flag": 2,
            "change_message": "[{\"changed\": {\"fields\": [\"User current line\", \"Lines\"]}}]"
        }
    },
    {
        "model": "admin.logentry",
        "pk": 37,
        "fields": {
            "action_time": "2023-12-20T21:44:00.609Z",
            "user": 1,
            "content_type": 8,
            "object_id": "32",
            "object_repr": "6",
            "action_flag": 2,
            "change_message": "[{\"changed\": {\"fields\": [\"User current line\", \"Lines\"]}}]"
        }
    },
    {
        "model": "admin.logentry",
        "pk": 38,
        "fields": {
            "action_time": "2023-12-20T21:48:34.925Z",
            "user": 1,
            "content_type": 8,
            "object_id": "32",
            "object_repr": "6",
            "action_flag": 2,
            "change_message": "[{\"changed\": {\"fields\": [\"User current line\", \"Lines\"]}}]"
        }
    },
    {
        "model": "admin.logentry",
        "pk": 39,
        "fields": {
            "action_time": "2023-12-20T21:50:54.132Z",
            "user": 1,
            "content_type": 8,
            "object_id": "32",
            "object_repr": "6",
            "action_flag": 2,
            "change_message": "[{\"changed\": {\"fields\": [\"User current line\", \"Lines\"]}}]"
        }
    },
    {
        "model": "admin.logentry",
        "pk": 40,
        "fields": {
            "action_time": "2023-12-20T21:52:51.932Z",
            "user": 1,
            "content_type": 8,
            "object_id": "32",
            "object_repr": "6",
            "action_flag": 2,
            "change_message": "[{\"changed\": {\"fields\": [\"User current line\", \"Lines\"]}}]"
        }
    },
    {
        "model": "admin.logentry",
        "pk": 41,
        "fields": {
            "action_time": "2023-12-20T21:56:23.212Z",
            "user": 1,
            "content_type": 8,
            "object_id": "32",
            "object_repr": "6",
            "action_flag": 2,
            "change_message": "[{\"changed\": {\"fields\": [\"User current line\", \"Lines\"]}}]"
        }
    },
    {
        "model": "admin.logentry",
        "pk": 42,
        "fields": {
            "action_time": "2023-12-20T21:56:48.973Z",
            "user": 1,
            "content_type": 8,
            "object_id": "32",
            "object_repr": "6",
            "action_flag": 2,
            "change_message": "[{\"changed\": {\"fields\": [\"User current line\", \"Lines\"]}}]"
        }
    },
    {
        "model": "admin.logentry",
        "pk": 43,
        "fields": {
            "action_time": "2023-12-20T22:00:26.532Z",
            "user": 1,
            "content_type": 8,
            "object_id": "32",
            "object_repr": "6",
            "action_flag": 2,
            "change_message": "[{\"changed\": {\"fields\": [\"User current line\", \"Lines\"]}}]"
        }
    },
    {
        "model": "admin.logentry",
        "pk": 44,
        "fields": {
            "action_time": "2023-12-20T22:21:49.167Z",
            "user": 1,
            "content_type": 8,
            "object_id": "32",
            "object_repr": "6",
            "action_flag": 2,
            "change_message": "[{\"changed\": {\"fields\": [\"User current line\", \"Lines\"]}}]"
        }
    },
    {
        "model": "admin.logentry",
        "pk": 45,
        "fields": {
            "action_time": "2023-12-20T22:24:42.073Z",
            "user": 1,
            "content_type": 8,
            "object_id": "32",
            "object_repr": "6",
            "action_flag": 2,
            "change_message": "[{\"changed\": {\"fields\": [\"User current line\", \"Lines\"]}}]"
        }
    },
    {
        "model": "admin.logentry",
        "pk": 46,
        "fields": {
            "action_time": "2023-12-20T22:34:14.305Z",
            "user": 1,
            "content_type": 8,
            "object_id": "32",
            "object_repr": "6",
            "action_flag": 2,
            "change_message": "[{\"changed\": {\"fields\": [\"User current line\", \"Lines\"]}}]"
        }
    },
    {
        "model": "admin.logentry",
        "pk": 47,
        "fields": {
            "action_time": "2023-12-20T22:35:39.541Z",
            "user": 1,
            "content_type": 8,
            "object_id": "32",
            "object_repr": "6",
            "action_flag": 2,
            "change_message": "[{\"changed\": {\"fields\": [\"User current line\", \"Lines\"]}}]"
        }
    },
    {
        "model": "admin.logentry",
        "pk": 48,
        "fields": {
            "action_time": "2023-12-20T22:49:26.923Z",
            "user": 1,
            "content_type": 8,
            "object_id": "32",
            "object_repr": "6",
            "action_flag": 2,
            "change_message": "[{\"changed\": {\"fields\": [\"User current line\", \"Lines\"]}}]"
        }
    },
    {
        "model": "admin.logentry",
        "pk": 49,
        "fields": {
            "action_time": "2023-12-20T22:52:17.347Z",
            "user": 1,
            "content_type": 8,
            "object_id": "32",
            "object_repr": "6",
            "action_flag": 2,
            "change_message": "[{\"changed\": {\"fields\": [\"User current line\", \"Lines\"]}}]"
        }
    },
    {
        "model": "admin.logentry",
        "pk": 50,
        "fields": {
            "action_time": "2023-12-20T23:08:19.909Z",
            "user": 1,
            "content_type": 8,
            "object_id": "32",
            "object_repr": "6",
            "action_flag": 2,
            "change_message": "[{\"changed\": {\"fields\": [\"User current line\", \"Lines\"]}}]"
        }
    },
    {
        "model": "admin.logentry",
        "pk": 51,
        "fields": {
            "action_time": "2023-12-20T23:11:16.172Z",
            "user": 1,
            "content_type": 8,
            "object_id": "32",
            "object_repr": "6",
            "action_flag": 2,
            "change_message": "[{\"changed\": {\"fields\": [\"User current line\", \"Lines\"]}}]"
        }
    },
    {
        "model": "admin.logentry",
        "pk": 52,
        "fields": {
            "action_time": "2023-12-20T23:38:13.512Z",
            "user": 1,
            "content_type": 8,
            "object_id": "32",
            "object_repr": "6",
            "action_flag": 2,
            "change_message": "[{\"changed\": {\"fields\": [\"Lines\"]}}]"
        }
    },
    {
        "model": "admin.logentry",
        "pk": 53,
        "fields": {
            "action_time": "2023-12-20T23:39:13.886Z",
            "user": 1,
            "content_type": 8,
            "object_id": "32",
            "object_repr": "6",
            "action_flag": 2,
            "change_message": "[{\"changed\": {\"fields\": [\"User current line\"]}}]"
        }
    },
    {
        "model": "admin.logentry",
        "pk": 54,
        "fields": {
            "action_time": "2023-12-22T00:45:24.174Z",
            "user": 1,
            "content_type": 7,
            "object_id": "7",
            "object_repr": "bill",
            "action_flag": 3,
            "change_message": ""
        }
    },
    {
        "model": "admin.logentry",
        "pk": 55,
        "fields": {
            "action_time": "2023-12-22T00:54:27.794Z",
            "user": 1,
            "content_type": 7,
            "object_id": "8",
            "object_repr": "bill",
            "action_flag": 3,
            "change_message": ""
        }
    },
    {
        "model": "admin.logentry",
        "pk": 56,
        "fields": {
            "action_time": "2023-12-22T01:07:15.665Z",
            "user": 1,
            "content_type": 7,
            "object_id": "9",
            "object_repr": "bill",
            "action_flag": 3,
            "change_message": ""
        }
    },
    {
        "model": "admin.logentry",
        "pk": 57,
        "fields": {
            "action_time": "2023-12-22T01:12:34.985Z",
            "user": 1,
            "content_type": 7,
            "object_id": "10",
            "object_repr": "bill",
            "action_flag": 3,
            "change_message": ""
        }
    },
    {
        "model": "admin.logentry",
        "pk": 58,
        "fields": {
            "action_time": "2023-12-22T01:15:14.654Z",
            "user": 1,
            "content_type": 7,
            "object_id": "11",
            "object_repr": "bill",
            "action_flag": 3,
            "change_message": ""
        }
    },
    {
        "model": "admin.logentry",
        "pk": 59,
        "fields": {
            "action_time": "2023-12-22T01:18:42.543Z",
            "user": 1,
            "content_type": 7,
            "object_id": "12",
            "object_repr": "bill",
            "action_flag": 3,
            "change_message": ""
        }
    },
    {
        "model": "admin.logentry",
        "pk": 60,
        "fields": {
            "action_time": "2023-12-22T01:29:37.296Z",
            "user": 1,
            "content_type": 7,
            "object_id": "13",
            "object_repr": "bill",
            "action_flag": 3,
            "change_message": ""
        }
    },
    {
        "model": "admin.logentry",
        "pk": 61,
        "fields": {
            "action_time": "2023-12-22T02:42:16.884Z",
            "user": 1,
            "content_type": 7,
            "object_id": "14",
            "object_repr": "bill",
            "action_flag": 3,
            "change_message": ""
        }
    },
    {
        "model": "admin.logentry",
        "pk": 62,
        "fields": {
            "action_time": "2023-12-22T02:46:44.937Z",
            "user": 1,
            "content_type": 7,
            "object_id": "15",
            "object_repr": "bill",
            "action_flag": 3,
            "change_message": ""
        }
    },
    {
        "model": "admin.logentry",
        "pk": 63,
        "fields": {
            "action_time": "2023-12-22T13:19:03.477Z",
            "user": 1,
            "content_type": 8,
            "object_id": "25",
            "object_repr": "5",
            "action_flag": 2,
            "change_message": "[{\"changed\": {\"fields\": [\"User current line\", \"Lines\"]}}]"
        }
    },
    {
        "model": "admin.logentry",
        "pk": 64,
        "fields": {
            "action_time": "2023-12-27T23:13:51.973Z",
            "user": 1,
            "content_type": 6,
            "object_id": "1",
            "object_repr": "The Secret Side of Sir Isaac Newton",
            "action_flag": 2,
            "change_message": "[{\"changed\": {\"fields\": [\"Tip\"]}}]"
        }
    },
    {
        "model": "admin.logentry",
        "pk": 65,
        "fields": {
            "action_time": "2023-12-27T23:14:28.185Z",
            "user": 1,
            "content_type": 6,
            "object_id": "5",
            "object_repr": "The invitation (short story)",
            "action_flag": 2,
            "change_message": "[{\"changed\": {\"fields\": [\"Tip\"]}}]"
        }
    },
    {
        "model": "admin.logentry",
        "pk": 66,
        "fields": {
            "action_time": "2023-12-28T14:53:00.464Z",
            "user": 1,
            "content_type": 6,
            "object_id": "17",
            "object_repr": "The mind-bending physics of time | Sean Carroll",
            "action_flag": 1,
            "change_message": "[{\"added\": {}}]"
        }
    },
    {
        "model": "admin.logentry",
        "pk": 67,
        "fields": {
            "action_time": "2023-12-28T15:46:57.970Z",
            "user": 1,
            "content_type": 6,
            "object_id": "1",
            "object_repr": "The Secret Side of Sir Isaac Newton",
            "action_flag": 2,
            "change_message": "[{\"changed\": {\"fields\": [\"In production\"]}}]"
        }
    },
    {
        "model": "admin.logentry",
        "pk": 68,
        "fields": {
            "action_time": "2023-12-28T15:47:10.932Z",
            "user": 1,
            "content_type": 6,
            "object_id": "2",
            "object_repr": "The Secret Life of Albert Einstein",
            "action_flag": 2,
            "change_message": "[{\"changed\": {\"fields\": [\"In production\"]}}]"
        }
    },
    {
        "model": "admin.logentry",
        "pk": 69,
        "fields": {
            "action_time": "2023-12-28T15:47:16.096Z",
            "user": 1,
            "content_type": 6,
            "object_id": "3",
            "object_repr": "6 minute English - UFOs",
            "action_flag": 2,
            "change_message": "[{\"changed\": {\"fields\": [\"In production\"]}}]"
        }
    },
    {
        "model": "admin.logentry",
        "pk": 70,
        "fields": {
            "action_time": "2023-12-28T15:47:22.876Z",
            "user": 1,
            "content_type": 6,
            "object_id": "4",
            "object_repr": "How 'Spider-Verse' forced animation to evolve",
            "action_flag": 2,
            "change_message": "[{\"changed\": {\"fields\": [\"In production\"]}}]"
        }
    },
    {
        "model": "admin.logentry",
        "pk": 71,
        "fields": {
            "action_time": "2023-12-28T15:47:28.654Z",
            "user": 1,
            "content_type": 6,
            "object_id": "5",
            "object_repr": "The invitation (short story)",
            "action_flag": 2,
            "change_message": "[{\"changed\": {\"fields\": [\"In production\"]}}]"
        }
    },
    {
        "model": "admin.logentry",
        "pk": 72,
        "fields": {
            "action_time": "2023-12-28T15:48:08.627Z",
            "user": 1,
            "content_type": 6,
            "object_id": "6",
            "object_repr": "6 Minute English - The art of subtitling",
            "action_flag": 2,
            "change_message": "[{\"changed\": {\"fields\": [\"In production\"]}}]"
        }
    },
    {
        "model": "admin.logentry",
        "pk": 73,
        "fields": {
            "action_time": "2023-12-28T15:48:14.206Z",
            "user": 1,
            "content_type": 6,
            "object_id": "8",
            "object_repr": "Race to recycle wind turbines in Denmark",
            "action_flag": 2,
            "change_message": "[{\"changed\": {\"fields\": [\"In production\"]}}]"
        }
    },
    {
        "model": "admin.logentry",
        "pk": 74,
        "fields": {
            "action_time": "2023-12-28T15:48:20.993Z",
            "user": 1,
            "content_type": 6,
            "object_id": "9",
            "object_repr": "Can we delay the menopause? - BBC News",
            "action_flag": 2,
            "change_message": "[{\"changed\": {\"fields\": [\"In production\"]}}]"
        }
    },
    {
        "model": "admin.logentry",
        "pk": 75,
        "fields": {
            "action_time": "2023-12-28T16:01:15.857Z",
            "user": 1,
            "content_type": 6,
            "object_id": "18",
            "object_repr": "Why Socrates Hated Democracy",
            "action_flag": 1,
            "change_message": "[{\"added\": {}}]"
        }
    },
    {
        "model": "admin.logentry",
        "pk": 76,
        "fields": {
            "action_time": "2023-12-28T16:02:32.495Z",
            "user": 1,
            "content_type": 6,
            "object_id": "18",
            "object_repr": "Why Socrates Hated Democracy",
            "action_flag": 2,
            "change_message": "[{\"changed\": {\"fields\": [\"Timestamps\"]}}]"
        }
    },
    {
        "model": "admin.logentry",
        "pk": 77,
        "fields": {
            "action_time": "2023-12-28T16:46:10.667Z",
            "user": 1,
            "content_type": 6,
            "object_id": "18",
            "object_repr": "Why Socrates Hated Democracy",
            "action_flag": 2,
            "change_message": "[{\"changed\": {\"fields\": [\"Timestamps\"]}}]"
        }
    },
    {
        "model": "admin.logentry",
        "pk": 78,
        "fields": {
            "action_time": "2023-12-28T18:38:41.191Z",
            "user": 1,
            "content_type": 8,
            "object_id": "47",
            "object_repr": "17",
            "action_flag": 2,
            "change_message": "[{\"changed\": {\"fields\": [\"Is_dictation_done\"]}}]"
        }
    },
    {
        "model": "admin.logentry",
        "pk": 79,
        "fields": {
            "action_time": "2023-12-28T19:40:10.873Z",
            "user": 1,
            "content_type": 8,
            "object_id": "48",
            "object_repr": "18",
            "action_flag": 2,
            "change_message": "[{\"changed\": {\"fields\": [\"User current line\", \"Is_dictation_done\"]}}]"
        }
    },
    {
        "model": "admin.logentry",
        "pk": 80,
        "fields": {
            "action_time": "2023-12-28T19:41:47.589Z",
            "user": 1,
            "content_type": 8,
            "object_id": "48",
            "object_repr": "18",
            "action_flag": 2,
            "change_message": "[{\"changed\": {\"fields\": [\"Lines\"]}}]"
        }
    },
    {
        "model": "admin.logentry",
        "pk": 81,
        "fields": {
            "action_time": "2023-12-28T19:52:56.884Z",
            "user": 1,
            "content_type": 8,
            "object_id": "23",
            "object_repr": "3",
            "action_flag": 2,
            "change_message": "[{\"changed\": {\"fields\": [\"User current line\"]}}]"
        }
    },
    {
        "model": "admin.logentry",
        "pk": 82,
        "fields": {
            "action_time": "2024-01-01T04:23:30.311Z",
            "user": 1,
            "content_type": 6,
            "object_id": "1",
            "object_repr": "The Secret Side of Sir Isaac Newton",
            "action_flag": 2,
            "change_message": "[{\"changed\": {\"fields\": [\"Timestamps\"]}}]"
        }
    },
    {
        "model": "admin.logentry",
        "pk": 83,
        "fields": {
            "action_time": "2024-01-01T10:13:46.151Z",
            "user": 1,
            "content_type": 6,
            "object_id": "1",
            "object_repr": "The Secret Side of Sir Isaac Newton",
            "action_flag": 2,
            "change_message": "[{\"changed\": {\"fields\": [\"Tip\"]}}]"
        }
    },
    {
        "model": "admin.logentry",
        "pk": 84,
        "fields": {
            "action_time": "2024-01-02T09:20:22.828Z",
            "user": 1,
            "content_type": 6,
            "object_id": "19",
            "object_repr": "what causes earthquakes - National Geographic",
            "action_flag": 1,
            "change_message": "[{\"added\": {}}]"
        }
    },
    {
        "model": "admin.logentry",
        "pk": 85,
        "fields": {
            "action_time": "2024-01-02T10:07:17.607Z",
            "user": 1,
            "content_type": 6,
            "object_id": "19",
            "object_repr": "what causes earthquakes - National Geographic",
            "action_flag": 2,
            "change_message": "[{\"changed\": {\"fields\": [\"Timestamps\", \"In production\"]}}]"
        }
    },
    {
        "model": "admin.logentry",
        "pk": 86,
        "fields": {
            "action_time": "2024-01-02T10:38:15.974Z",
            "user": 1,
            "content_type": 6,
            "object_id": "20",
            "object_repr": "A Brief History of the United States - Michael Moore",
            "action_flag": 1,
            "change_message": "[{\"added\": {}}]"
        }
    },
    {
        "model": "admin.logentry",
        "pk": 87,
        "fields": {
            "action_time": "2024-01-02T12:28:25.828Z",
            "user": 1,
            "content_type": 6,
            "object_id": "20",
            "object_repr": "A Brief History of the United States - Michael Moore",
            "action_flag": 2,
            "change_message": "[{\"changed\": {\"fields\": [\"Timestamps\", \"Tip\", \"In production\"]}}]"
        }
    },
    {
        "model": "admin.logentry",
        "pk": 88,
        "fields": {
            "action_time": "2024-01-02T12:43:22.047Z",
            "user": 1,
            "content_type": 6,
            "object_id": "20",
            "object_repr": "A Brief History of the United States - Michael Moore",
            "action_flag": 2,
            "change_message": "[{\"changed\": {\"fields\": [\"Timestamps\"]}}]"
        }
    },
    {
        "model": "admin.logentry",
        "pk": 89,
        "fields": {
            "action_time": "2024-01-02T16:47:49.774Z",
            "user": 1,
            "content_type": 6,
            "object_id": "4",
            "object_repr": "How 'Spider-Verse' forced animation to evolve",
            "action_flag": 2,
            "change_message": "[{\"changed\": {\"fields\": [\"Tip\"]}}]"
        }
    },
    {
        "model": "admin.logentry",
        "pk": 90,
        "fields": {
            "action_time": "2024-01-02T16:56:43.798Z",
            "user": 1,
            "content_type": 6,
            "object_id": "4",
            "object_repr": "How 'Spider-Verse' forced animation to evolve",
            "action_flag": 2,
            "change_message": "[{\"changed\": {\"fields\": [\"Tip\"]}}]"
        }
    },
    {
        "model": "admin.logentry",
        "pk": 91,
        "fields": {
            "action_time": "2024-01-02T17:58:44.881Z",
            "user": 1,
            "content_type": 8,
            "object_id": "50",
            "object_repr": "20",
            "action_flag": 2,
            "change_message": "[{\"changed\": {\"fields\": [\"Is_dictation_done\"]}}]"
        }
    },
    {
        "model": "admin.logentry",
        "pk": 92,
        "fields": {
            "action_time": "2024-01-02T18:20:10.061Z",
            "user": 1,
            "content_type": 6,
            "object_id": "20",
            "object_repr": "A Brief History of the United States - Michael Moore",
            "action_flag": 2,
            "change_message": "[{\"changed\": {\"fields\": [\"Timestamps\"]}}]"
        }
    },
    {
        "model": "admin.logentry",
        "pk": 93,
        "fields": {
            "action_time": "2024-01-03T19:13:18.262Z",
            "user": 1,
            "content_type": 6,
            "object_id": "20",
            "object_repr": "A Brief History of the United States - Michael Moore",
            "action_flag": 2,
            "change_message": "[{\"changed\": {\"fields\": [\"Timestamps\"]}}]"
        }
    },
    {
        "model": "admin.logentry",
        "pk": 94,
        "fields": {
            "action_time": "2024-01-04T10:40:59.516Z",
            "user": 1,
            "content_type": 6,
            "object_id": "21",
            "object_repr": "How are microchips made?",
            "action_flag": 1,
            "change_message": "[{\"added\": {}}]"
        }
    },
    {
        "model": "admin.logentry",
        "pk": 95,
        "fields": {
            "action_time": "2024-01-04T11:20:20.919Z",
            "user": 1,
            "content_type": 6,
            "object_id": "21",
            "object_repr": "How are microchips made?",
            "action_flag": 2,
            "change_message": "[{\"changed\": {\"fields\": [\"Timestamps\", \"Tip\", \"In production\"]}}]"
        }
    },
    {
        "model": "admin.logentry",
        "pk": 96,
        "fields": {
            "action_time": "2024-01-04T17:56:04.658Z",
            "user": 1,
            "content_type": 6,
            "object_id": "20",
            "object_repr": "A Brief History of the United States - Michael Moore",
            "action_flag": 2,
            "change_message": "[]"
        }
    },
    {
        "model": "admin.logentry",
        "pk": 97,
        "fields": {
            "action_time": "2024-01-05T10:03:25.333Z",
            "user": 1,
            "content_type": 7,
            "object_id": "17",
            "object_repr": "christ",
            "action_flag": 3,
            "change_message": ""
        }
    },
    {
        "model": "admin.logentry",
        "pk": 98,
        "fields": {
            "action_time": "2024-01-06T10:30:43.534Z",
            "user": 1,
            "content_type": 7,
            "object_id": "19",
            "object_repr": "dictadmin",
            "action_flag": 3,
            "change_message": ""
        }
    },
    {
        "model": "admin.logentry",
        "pk": 99,
        "fields": {
            "action_time": "2024-01-06T10:33:47.146Z",
            "user": 1,
            "content_type": 7,
            "object_id": "20",
            "object_repr": "dictadmin",
            "action_flag": 3,
            "change_message": ""
        }
    },
    {
        "model": "admin.logentry",
        "pk": 100,
        "fields": {
            "action_time": "2024-01-06T10:51:45.035Z",
            "user": 1,
            "content_type": 7,
            "object_id": "21",
            "object_repr": "dictadmin",
            "action_flag": 3,
            "change_message": ""
        }
    },
    {
        "model": "admin.logentry",
        "pk": 101,
        "fields": {
            "action_time": "2024-01-08T20:39:26.187Z",
            "user": 1,
            "content_type": 6,
            "object_id": "4",
            "object_repr": "How 'Spider-Verse' forced animation to evolve",
            "action_flag": 2,
            "change_message": "[{\"changed\": {\"fields\": [\"Tip\"]}}]"
        }
    },
    {
        "model": "admin.logentry",
        "pk": 102,
        "fields": {
            "action_time": "2024-01-08T20:43:52.015Z",
            "user": 1,
            "content_type": 6,
            "object_id": "4",
            "object_repr": "How 'Spider-Verse' forced animation to evolve",
            "action_flag": 2,
            "change_message": "[{\"changed\": {\"fields\": [\"Tip\"]}}]"
        }
    },
    {
        "model": "admin.logentry",
        "pk": 103,
        "fields": {
            "action_time": "2024-01-09T09:43:19.624Z",
            "user": 1,
            "content_type": 6,
            "object_id": "4",
            "object_repr": "How 'Spider-Verse' forced animation to evolve",
            "action_flag": 2,
            "change_message": "[{\"changed\": {\"fields\": [\"Tip\"]}}]"
        }
    },
    {
        "model": "admin.logentry",
        "pk": 104,
        "fields": {
            "action_time": "2024-01-09T09:44:02.659Z",
            "user": 1,
            "content_type": 6,
            "object_id": "4",
            "object_repr": "How 'Spider-Verse' forced animation to evolve",
            "action_flag": 2,
            "change_message": "[{\"changed\": {\"fields\": [\"Tip\"]}}]"
        }
    },
    {
        "model": "admin.logentry",
        "pk": 105,
        "fields": {
            "action_time": "2024-01-09T09:44:41.079Z",
            "user": 1,
            "content_type": 6,
            "object_id": "4",
            "object_repr": "How 'Spider-Verse' forced animation to evolve",
            "action_flag": 2,
            "change_message": "[{\"changed\": {\"fields\": [\"Tip\"]}}]"
        }
    },
    {
        "model": "admin.logentry",
        "pk": 106,
        "fields": {
            "action_time": "2024-01-09T10:27:33.340Z",
            "user": 1,
            "content_type": 6,
            "object_id": "4",
            "object_repr": "How 'Spider-Verse' forced animation to evolve",
            "action_flag": 2,
            "change_message": "[{\"changed\": {\"fields\": [\"Tip\"]}}]"
        }
    },
    {
        "model": "admin.logentry",
        "pk": 107,
        "fields": {
            "action_time": "2024-01-09T11:05:47.736Z",
            "user": 1,
            "content_type": 6,
            "object_id": "4",
            "object_repr": "How 'Spider-Verse' forced animation to evolve",
            "action_flag": 2,
            "change_message": "[{\"changed\": {\"fields\": [\"Tip\"]}}]"
        }
    },
    {
        "model": "auth.permission",
        "pk": 1,
        "fields": {
            "name": "Can add log entry",
            "content_type": 1,
            "codename": "add_logentry"
        }
    },
    {
        "model": "auth.permission",
        "pk": 2,
        "fields": {
            "name": "Can change log entry",
            "content_type": 1,
            "codename": "change_logentry"
        }
    },
    {
        "model": "auth.permission",
        "pk": 3,
        "fields": {
            "name": "Can delete log entry",
            "content_type": 1,
            "codename": "delete_logentry"
        }
    },
    {
        "model": "auth.permission",
        "pk": 4,
        "fields": {
            "name": "Can view log entry",
            "content_type": 1,
            "codename": "view_logentry"
        }
    },
    {
        "model": "auth.permission",
        "pk": 5,
        "fields": {
            "name": "Can add permission",
            "content_type": 2,
            "codename": "add_permission"
        }
    },
    {
        "model": "auth.permission",
        "pk": 6,
        "fields": {
            "name": "Can change permission",
            "content_type": 2,
            "codename": "change_permission"
        }
    },
    {
        "model": "auth.permission",
        "pk": 7,
        "fields": {
            "name": "Can delete permission",
            "content_type": 2,
            "codename": "delete_permission"
        }
    },
    {
        "model": "auth.permission",
        "pk": 8,
        "fields": {
            "name": "Can view permission",
            "content_type": 2,
            "codename": "view_permission"
        }
    },
    {
        "model": "auth.permission",
        "pk": 9,
        "fields": {
            "name": "Can add group",
            "content_type": 3,
            "codename": "add_group"
        }
    },
    {
        "model": "auth.permission",
        "pk": 10,
        "fields": {
            "name": "Can change group",
            "content_type": 3,
            "codename": "change_group"
        }
    },
    {
        "model": "auth.permission",
        "pk": 11,
        "fields": {
            "name": "Can delete group",
            "content_type": 3,
            "codename": "delete_group"
        }
    },
    {
        "model": "auth.permission",
        "pk": 12,
        "fields": {
            "name": "Can view group",
            "content_type": 3,
            "codename": "view_group"
        }
    },
    {
        "model": "auth.permission",
        "pk": 13,
        "fields": {
            "name": "Can add content type",
            "content_type": 4,
            "codename": "add_contenttype"
        }
    },
    {
        "model": "auth.permission",
        "pk": 14,
        "fields": {
            "name": "Can change content type",
            "content_type": 4,
            "codename": "change_contenttype"
        }
    },
    {
        "model": "auth.permission",
        "pk": 15,
        "fields": {
            "name": "Can delete content type",
            "content_type": 4,
            "codename": "delete_contenttype"
        }
    },
    {
        "model": "auth.permission",
        "pk": 16,
        "fields": {
            "name": "Can view content type",
            "content_type": 4,
            "codename": "view_contenttype"
        }
    },
    {
        "model": "auth.permission",
        "pk": 17,
        "fields": {
            "name": "Can add session",
            "content_type": 5,
            "codename": "add_session"
        }
    },
    {
        "model": "auth.permission",
        "pk": 18,
        "fields": {
            "name": "Can change session",
            "content_type": 5,
            "codename": "change_session"
        }
    },
    {
        "model": "auth.permission",
        "pk": 19,
        "fields": {
            "name": "Can delete session",
            "content_type": 5,
            "codename": "delete_session"
        }
    },
    {
        "model": "auth.permission",
        "pk": 20,
        "fields": {
            "name": "Can view session",
            "content_type": 5,
            "codename": "view_session"
        }
    },
    {
        "model": "auth.permission",
        "pk": 21,
        "fields": {
            "name": "Can add dictation",
            "content_type": 6,
            "codename": "add_dictation"
        }
    },
    {
        "model": "auth.permission",
        "pk": 22,
        "fields": {
            "name": "Can change dictation",
            "content_type": 6,
            "codename": "change_dictation"
        }
    },
    {
        "model": "auth.permission",
        "pk": 23,
        "fields": {
            "name": "Can delete dictation",
            "content_type": 6,
            "codename": "delete_dictation"
        }
    },
    {
        "model": "auth.permission",
        "pk": 24,
        "fields": {
            "name": "Can view dictation",
            "content_type": 6,
            "codename": "view_dictation"
        }
    },
    {
        "model": "auth.permission",
        "pk": 25,
        "fields": {
            "name": "Can add user",
            "content_type": 7,
            "codename": "add_user"
        }
    },
    {
        "model": "auth.permission",
        "pk": 26,
        "fields": {
            "name": "Can change user",
            "content_type": 7,
            "codename": "change_user"
        }
    },
    {
        "model": "auth.permission",
        "pk": 27,
        "fields": {
            "name": "Can delete user",
            "content_type": 7,
            "codename": "delete_user"
        }
    },
    {
        "model": "auth.permission",
        "pk": 28,
        "fields": {
            "name": "Can view user",
            "content_type": 7,
            "codename": "view_user"
        }
    },
    {
        "model": "auth.permission",
        "pk": 29,
        "fields": {
            "name": "Can add practice",
            "content_type": 8,
            "codename": "add_practice"
        }
    },
    {
        "model": "auth.permission",
        "pk": 30,
        "fields": {
            "name": "Can change practice",
            "content_type": 8,
            "codename": "change_practice"
        }
    },
    {
        "model": "auth.permission",
        "pk": 31,
        "fields": {
            "name": "Can delete practice",
            "content_type": 8,
            "codename": "delete_practice"
        }
    },
    {
        "model": "auth.permission",
        "pk": 32,
        "fields": {
            "name": "Can view practice",
            "content_type": 8,
            "codename": "view_practice"
        }
    },
    {
        "model": "contenttypes.contenttype",
        "pk": 1,
        "fields": {
            "app_label": "admin",
            "model": "logentry"
        }
    },
    {
        "model": "contenttypes.contenttype",
        "pk": 2,
        "fields": {
            "app_label": "auth",
            "model": "permission"
        }
    },
    {
        "model": "contenttypes.contenttype",
        "pk": 3,
        "fields": {
            "app_label": "auth",
            "model": "group"
        }
    },
    {
        "model": "contenttypes.contenttype",
        "pk": 4,
        "fields": {
            "app_label": "contenttypes",
            "model": "contenttype"
        }
    },
    {
        "model": "contenttypes.contenttype",
        "pk": 5,
        "fields": {
            "app_label": "sessions",
            "model": "session"
        }
    },
    {
        "model": "contenttypes.contenttype",
        "pk": 6,
        "fields": {
            "app_label": "dictation",
            "model": "dictation"
        }
    },
    {
        "model": "contenttypes.contenttype",
        "pk": 7,
        "fields": {
            "app_label": "dictation_auth",
            "model": "user"
        }
    },
    {
        "model": "contenttypes.contenttype",
        "pk": 8,
        "fields": {
            "app_label": "dictation",
            "model": "practice"
        }
    },
    {
        "model": "sessions.session",
        "pk": "18yuk6xe7nt85x2f47o1c5rv7yz3p4bs",
        "fields": {
            "session_data": ".eJxVjDsOwyAQRO9CHSFgDSwp0_sMaPkFJxGWjF1FuXtsyUUy5bw382aetrX6refFT4ldmWSX3y5QfOZ2gPSgdp95nNu6TIEfCj9p5-Oc8ut2un8HlXrd1wBKA8kMAbEoHWRB1OD2CK0CGGtMsgrRBlQu6TiQswoGABQFEwn2-QKnwTZE:1rEnso:4cKdtMsZ2GfwtqSqRlOHtNNXFTttdyxtR_sOemPHHek",
            "expire_date": "2023-12-31T09:56:26.042Z"
        }
    },
    {
        "model": "sessions.session",
        "pk": "eefynfj07q77ykq9p3m01580i9rlbouz",
        "fields": {
            "session_data": ".eJxVjDsOwyAQRO9CHSFgDSwp0_sMaPkFJxGWjF1FuXtsyUUy5bw382aetrX6refFT4ldmWSX3y5QfOZ2gPSgdp95nNu6TIEfCj9p5-Oc8ut2un8HlXrd1wBKA8kMAbEoHWRB1OD2CK0CGGtMsgrRBlQu6TiQswoGABQFEwn2-QKnwTZE:1rLNUy:0DA93fTqEmKt75FQztT1FRgiyhiSyonquuHgrl4XZaQ",
            "expire_date": "2024-01-18T13:11:00.682Z"
        }
    },
    {
        "model": "sessions.session",
        "pk": "gsuppmtjhxo7mw8th09h1o7sn9efffg1",
        "fields": {
            "session_data": ".eJxVjDsOwjAQBe_iGln22vGHkj5nsNZrLw6gRMqnQtydREoB7ZuZ9xYJt7WlbalzGoq4CtOJy--YkZ51PEh54HifJE3jOg9ZHoo86SL7qdTX7XT_Dhouba_JO4cBszKeAQhiJh_ZEnTMRbPPQTv2rJXaoc821AjGFAIXLKDS4vMFEiA31Q:1rMln1:DPkxEbiQ54goc98rwKirFd51-27emBBSFLQ-77pJHLc",
            "expire_date": "2024-01-22T09:19:23.875Z"
        }
    },
    {
        "model": "sessions.session",
        "pk": "j55378gqod9z5njtjg9qzd0foyjbxzn8",
        "fields": {
            "session_data": ".eJxVjDsOwjAQBe_iGlnKetcfSnrOYHm9Dg6gRIqTCnF3sJQCmle8Gc1LxbRvNe6trHESdVaG1On35JQfZe5E7mm-LTov87ZOrLuiD9r0dZHyvBzuX6CmVnsXjQNPDBmygAtD4GCyBccUGAmhCDvyA1ljUJARrRcCtkzjd0b1_gDdYDdW:1rMlsq:5lqw6fQBKupN1opTGSGQQCWjSpT6soZFL54U6n1e4y8",
            "expire_date": "2024-01-22T09:25:24.594Z"
        }
    },
    {
        "model": "sessions.session",
        "pk": "jg73ekizs9kbq2dznzo9dz0p06tir2ya",
        "fields": {
            "session_data": ".eJxVjMsOwiAQRf-FtSFApyAu3fcbmplhkKqBpI-V8d-1SRe6veec-1IjbmsZt0XmcUrqopw6_W6E_JC6g3THemuaW13nifSu6IMuemhJntfD_TsouJRv3RtnE7MhzL10FsBGY53xcjYBkAITQgqWBHwWg-iIkSVBjBnAh069P-TcOEA:1rMnd9:puK96zSo6Ed50gOwqEgikO9Z7Y9_MoXXxcZI_dhZQbU",
            "expire_date": "2024-01-22T11:17:19.797Z"
        }
    },
    {
        "model": "sessions.session",
        "pk": "jvl7d78e7max7d7v1ukx364jdwtmizig",
        "fields": {
            "session_data": ".eJxVjDsOwyAQRO9CHSFgDSwp0_sMaPkFJxGWjF1FuXtsyUUy5bw382aetrX6refFT4ldmWSX3y5QfOZ2gPSgdp95nNu6TIEfCj9p5-Oc8ut2un8HlXrd1wBKA8kMAbEoHWRB1OD2CK0CGGtMsgrRBlQu6TiQswoGABQFEwn2-QKnwTZE:1rGfJt:YmhkCU5cctQoYRQGjK57db5kxmMsCEEkGKsn0Evhh8k",
            "expire_date": "2024-01-05T13:12:05.499Z"
        }
    },
    {
        "model": "sessions.session",
        "pk": "maat2f0bdbix5zpallvdlodlikbcvzbo",
        "fields": {
            "session_data": "e30:1rGRc1:ZkU5GhDwJdxqLHKdj_T9KpHdp9rJVHwMJVUxf-t2n60",
            "expire_date": "2024-01-04T22:33:53.701Z"
        }
    },
    {
        "model": "sessions.session",
        "pk": "mknmc3i4ojubx6x98owk0toh4kxqkpjg",
        "fields": {
            "session_data": ".eJxVjDsOwyAQRO9CHSFgDSwp0_sMaPkFJxGWjF1FuXtsyUUy5bw382aetrX6refFT4ldmWSX3y5QfOZ2gPSgdp95nNu6TIEfCj9p5-Oc8ut2un8HlXrd1wBKA8kMAbEoHWRB1OD2CK0CGGtMsgrRBlQu6TiQswoGABQFEwn2-QKnwTZE:1rExfI:2WYsyDNR5g5A_tDeWNQqi71SPZuceWlK6jM9xa0Mgc8",
            "expire_date": "2023-12-31T20:23:08.990Z"
        }
    },
    {
        "model": "sessions.session",
        "pk": "shr96vk3tetda6od3urvfffvevfetll4",
        "fields": {
            "session_data": ".eJxVjDsOwyAQRO9CHSFgDSwp0_sMaPkFJxGWjF1FuXtsyUUy5bw382aetrX6refFT4ldmWSX3y5QfOZ2gPSgdp95nNu6TIEfCj9p5-Oc8ut2un8HlXrd1wBKA8kMAbEoHWRB1OD2CK0CGGtMsgrRBlQu6TiQswoGABQFEwn2-QKnwTZE:1rMwNJ:0e7aUwOsa6dN2lxtlNRbeX3InsCNd7HWrIpBFhD0CxQ",
            "expire_date": "2024-01-22T20:37:33.453Z"
        }
    },
    {
        "model": "sessions.session",
        "pk": "y3cjg3o300r4wblsbl85e43zsjtpzopa",
        "fields": {
            "session_data": ".eJxVjDsOwyAQRO9CHSFgDSwp0_sMaPkFJxGWjF1FuXtsyUUy5bw382aetrX6refFT4ldmWSX3y5QfOZ2gPSgdp95nNu6TIEfCj9p5-Oc8ut2un8HlXrd1wBKA8kMAbEoHWRB1OD2CK0CGGtMsgrRBlQu6TiQswoGABQFEwn2-QKnwTZE:1rNE06:vToY4yICQg9ANkyqpHf_4GsomILuJ00JFmGPuyr_vKI",
            "expire_date": "2024-01-23T15:26:46.302Z"
        }
    },
    {
        "model": "dictation.dictation",
        "pk": 1,
        "fields": {
            "video_id": "n6lRdH1EzIo",
            "filename": "The Secret Side of Sir Isaac Newton.txt",
            "timestamps": {
                "data": [
                    1.6,
                    7.01,
                    10.9,
                    16.05,
                    22.77,
                    28.77,
                    34.5,
                    38.6,
                    45.5,
                    51.15,
                    56.65,
                    60.85,
                    65.44,
                    69.55,
                    71.95,
                    75.05,
                    79.2,
                    82.85,
                    85.5,
                    89.6,
                    93.15,
                    96.8,
                    101.8,
                    108.55,
                    113.05,
                    118.6,
                    121.4,
                    128.7,
                    133.2,
                    137.2,
                    140,
                    145.55,
                    151,
                    154.3,
                    157.9,
                    162,
                    165.85,
                    170.75,
                    176.4,
                    179.8,
                    184.9,
                    190.65,
                    196.6,
                    200.85,
                    206.04,
                    209.5,
                    212.75,
                    218.2,
                    221.4,
                    225.75,
                    228.3,
                    231.2,
                    236.2,
                    240.2,
                    246.8,
                    248.75,
                    250.6,
                    253.65,
                    257.5,
                    262.6,
                    267.1,
                    272.5,
                    278.75,
                    283.9,
                    286.15,
                    291.4,
                    295.65,
                    299.4,
                    304.4,
                    308,
                    311.75,
                    315.75,
                    320.3,
                    324.2,
                    328.05,
                    331.35,
                    334.95,
                    339.2,
                    342.85,
                    346.2,
                    350,
                    355.15,
                    358.3,
                    362.3,
                    366.15,
                    370.4,
                    372.85,
                    377.7,
                    382.25,
                    386.95,
                    390.25,
                    396.6,
                    399.55,
                    403.3,
                    405.95,
                    409.8,
                    414.95,
                    419.5,
                    425.5,
                    429.5,
                    434.7,
                    438.7,
                    442.5,
                    448,
                    450,
                    454.2,
                    456.5,
                    462,
                    465.2,
                    469.5,
                    473.3,
                    478.6,
                    483.3,
                    488,
                    491.1,
                    494.2,
                    498.7,
                    503.2,
                    507.65,
                    511.4,
                    517.45,
                    519.7,
                    522.5,
                    526.2,
                    530.5,
                    535,
                    538.8
                ]
            },
            "topic": "The Secret Side of Sir Isaac Newton",
            "level": 3,
            "tip": {
                "Lucasian": 58,
                "Cambridge": 19,
                "Sotheby's": 81,
                "Queen Anne": 114,
                "Robert Hooke": 109,
                "King James II": 86,
                "King's School": 15,
                "Royal Society": 50,
                "Alexander Pope": 123,
                "Gottfried Leibniz": 46,
                "Plato & Aristotle": 22,
                "Woolsthorpe Manor & Lincolnshire": 6
            },
            "slug": "the-secret-side-of-sir-isaac-newton",
            "total_line": 125,
            "in_production": true
        }
    },
    {
        "model": "dictation.dictation",
        "pk": 2,
        "fields": {
            "video_id": "tsUrtyRwfu4",
            "filename": "The Secret Side of Albert Einstein.txt",
            "timestamps": {
                "data": [
                    0,
                    5.4,
                    10.67,
                    14.85,
                    17.86,
                    20.56,
                    23.75,
                    29,
                    33.38,
                    38.21,
                    41.82,
                    44.14,
                    46.48,
                    49.24,
                    53,
                    55.83,
                    59.61,
                    63.58,
                    70.1,
                    74.27,
                    79.73,
                    84.73,
                    88.39,
                    93.85,
                    99.36,
                    103.57,
                    106,
                    110.36,
                    113.16,
                    117,
                    119.68,
                    124.33,
                    127.89,
                    130,
                    133.35,
                    138.33,
                    141.67,
                    145.51,
                    147.73,
                    151,
                    156.85,
                    161.54,
                    163.95,
                    167.37,
                    172.61,
                    176.55,
                    181.9,
                    186.16,
                    189.9,
                    194.75,
                    199.38,
                    202.75,
                    206.3,
                    210,
                    214.34,
                    218.7,
                    222.6,
                    225.2,
                    229.15,
                    233,
                    235.8,
                    240,
                    246.3,
                    248.95,
                    252.66,
                    256.4,
                    261.15,
                    264.45,
                    269.5,
                    273.75,
                    279.25,
                    282.7,
                    287,
                    290.7,
                    294.25,
                    298.4,
                    301.7,
                    304,
                    308.8,
                    311.1,
                    315.45,
                    317,
                    8,
                    321.4,
                    327.3,
                    333.15,
                    337.5,
                    340.2,
                    342.64,
                    347.3,
                    349.4,
                    354.6,
                    359.75,
                    363.9,
                    370,
                    374.15,
                    379.62,
                    384.54,
                    390.45,
                    396,
                    399.9,
                    404,
                    406.3,
                    410.3,
                    414.6,
                    416.6,
                    419.3,
                    422.86,
                    426.55,
                    431.4,
                    434.9,
                    437.7,
                    443.3,
                    448.2,
                    451.7,
                    454.6,
                    459.7,
                    466.3,
                    468.25,
                    470.8,
                    474.8,
                    479.2,
                    484,
                    488.8,
                    492.2,
                    495.5,
                    497.2,
                    500,
                    503.15,
                    505.7,
                    509,
                    512.8,
                    518.4,
                    521.4,
                    526.4,
                    530.25,
                    533.7,
                    539,
                    541.7,
                    544.65,
                    548,
                    552.1,
                    556,
                    559.3,
                    563.1,
                    567.3,
                    572,
                    576.65,
                    580.7,
                    585.7,
                    589.8,
                    592.7,
                    597.9,
                    602.2,
                    605.66,
                    609.9,
                    614.4,
                    616.5,
                    619.8,
                    624.3,
                    628.9,
                    632.3,
                    637.1,
                    642.6,
                    647.85,
                    652.85,
                    659.7,
                    664.5,
                    668.6,
                    671.9,
                    675.1,
                    681.2,
                    684.25,
                    689,
                    695.15,
                    700.65,
                    704.8,
                    709.15,
                    711.9,
                    715.5,
                    718.65,
                    723.65,
                    725.9,
                    729.6,
                    732.1,
                    735.1,
                    739.6,
                    746.05,
                    749.7,
                    753.3,
                    757.45,
                    761.3,
                    766.4,
                    771.35,
                    774.3,
                    779.75,
                    785,
                    790.2,
                    793.45,
                    799.55,
                    803.6,
                    807.3,
                    810.25,
                    816.15,
                    821.5,
                    825.6,
                    830.2,
                    835.25,
                    841,
                    846.25,
                    849.4,
                    855.2,
                    857.2,
                    862.7,
                    867.4,
                    872.25,
                    875.35,
                    878.8,
                    882,
                    884.25,
                    888.55,
                    894.35,
                    897.5,
                    902,
                    908,
                    911.2,
                    915.25,
                    919.1,
                    923.45,
                    927
                ]
            },
            "topic": "The Secret Life of Albert Einstein",
            "level": 4,
            "tip": {
                "Ulm": 6,
                "Eduard": 163,
                "Lieserl": 45,
                "Princeton": 142,
                "Roosevelt": 169,
                "New Jersey": 155,
                "Hans Albert": 52,
                "Mileva Maric": 43,
                "Thomas Harvey": 210,
                "Elsa Lowenthal": 107,
                "Marie Winteler": 101,
                "Brownian Motion": 72,
                "J. Edgar Hoover": 175,
                "Mtter Museum": 220,
                "David Ben-Gurion": 198,
                "Manhattan Project": 170,
                "Lincoln University": 180,
                "Alien Exclusion Act": 176,
                "Sir Arthur Eddington": 130,
                "Prague - Zurich - Berlin": 97,
                "abdominal aortic aneurysm burst": 203
            },
            "slug": "the-secret-life-of-albert-einstein",
            "total_line": 228,
            "in_production": true
        }
    },
    {
        "model": "dictation.dictation",
        "pk": 3,
        "fields": {
            "video_id": "mEoSi6l99OE",
            "filename": "BBC UFOs.txt",
            "timestamps": {
                "data": [
                    7.6,
                    11.2,
                    13,
                    19.9,
                    24.55,
                    32.1,
                    39.7,
                    43,
                    48.2,
                    54.35,
                    57.55,
                    62.8,
                    66.1,
                    69.25,
                    75.95,
                    81.1,
                    84.25,
                    89.1,
                    92.8,
                    95.45,
                    99.8,
                    104.25,
                    109.3,
                    115.75,
                    118.45,
                    122.05,
                    129,
                    132.75,
                    137.4,
                    144.5,
                    147.35,
                    150.3,
                    155.5,
                    160.45,
                    165.2,
                    169.75,
                    171.45,
                    174.85,
                    178.6,
                    182.8,
                    190.35,
                    194,
                    197.6,
                    203.15,
                    207.95,
                    211.7,
                    216.1,
                    222.45,
                    229.75,
                    234.4,
                    236.7,
                    240.55,
                    243.8,
                    249,
                    252.1,
                    255.9,
                    259,
                    262.95,
                    267,
                    271.8,
                    276.2,
                    282.9,
                    286.5,
                    288.3,
                    291,
                    294.55,
                    299.15,
                    303.5,
                    310.3,
                    313.9,
                    319.5,
                    324.55,
                    330.5,
                    335.2,
                    339.85,
                    344,
                    347.1
                ]
            },
            "topic": "6 minute English - UFOs",
            "level": 3,
            "tip": {
                "a) - b) - c)": 22,
                "Adam Frank - Rochester": 27,
                "National UFO Reporting Center": 21
            },
            "slug": "6-minute-english-ufos",
            "total_line": 75,
            "in_production": true
        }
    },
    {
        "model": "dictation.dictation",
        "pk": 4,
        "fields": {
            "video_id": "l96IgQmXmhM",
            "filename": "Spider-Verse.txt",
            "timestamps": {
                "data": [
                    0.5,
                    4.25,
                    7.55,
                    9.9,
                    14,
                    16.5,
                    19.3,
                    22.7,
                    25.85,
                    27.7,
                    31.35,
                    33.6,
                    36.5,
                    39.7,
                    44.1,
                    47.6,
                    51.75,
                    58.2,
                    66.3,
                    72.45,
                    78.8,
                    83.5,
                    90.25,
                    93.4,
                    95.45,
                    99,
                    102.3,
                    107.2,
                    109.35,
                    111.45,
                    114.6,
                    118.8,
                    121.4,
                    124.45,
                    129.7,
                    133.1,
                    136.45,
                    140.2,
                    143.15,
                    146.3,
                    148.75,
                    151.35,
                    154.2,
                    157.95,
                    159.85,
                    161.3,
                    163.1,
                    165.25,
                    167,
                    171.25,
                    175.75,
                    181.1,
                    185.1,
                    187.65,
                    193.3,
                    196.65,
                    199.2,
                    202.65,
                    206.7,
                    210.6,
                    215.3,
                    217.55,
                    222.3,
                    225.45,
                    227.2,
                    231.3,
                    234.55,
                    237.9,
                    241.55,
                    245.95,
                    251.45,
                    254.3,
                    258.85,
                    262.3,
                    267.3,
                    272.65,
                    275.35,
                    277.65,
                    280.25,
                    283.85,
                    286.9,
                    289.4,
                    293.75,
                    296.15,
                    299.5,
                    302.3,
                    305,
                    308.35,
                    312.65,
                    316.55,
                    321.1,
                    326.3,
                    330.5,
                    333.6,
                    337.3,
                    342.35,
                    347.8,
                    350.4,
                    355.9,
                    359.1,
                    361.4,
                    363.3,
                    369.6,
                    373
                ]
            },
            "topic": "How 'Spider-Verse' forced animation to evolve",
            "level": 4,
            "tip": {
                "Bolt": 42,
                "Life of Pi": 31,
                "Lollipop Shaders": 29,
                "Christos Obretenov": 28,
                "Gotta = contraction of Got to": 39,
                "Gonna = contraction of Going to": 45,
                "Monster House & A Christmas Carol": 51,
                "A Christmas Carol & Across the Spider-Verse": 32,
                "The Mitchells vs the Machines & Puss in Boots": 90
            },
            "slug": "how-spider-verse-forced-animation-to-evolve",
            "total_line": 103,
            "in_production": true
        }
    },
    {
        "model": "dictation.dictation",
        "pk": 5,
        "fields": {
            "video_id": "VXI4l9Tivq0",
            "filename": "the invitation.txt",
            "timestamps": {
                "data": [
                    189.35,
                    196,
                    202.75,
                    205.65,
                    213.9,
                    217.95,
                    220.8,
                    225.4,
                    230.35,
                    233.4,
                    237.65,
                    246,
                    250.85,
                    257.9,
                    261.7,
                    265.65,
                    272.05,
                    277.9,
                    281.55,
                    288.2,
                    295.7,
                    301.6,
                    309.2,
                    313.5,
                    317.2,
                    324.5,
                    328.2,
                    332.9,
                    337.95,
                    344.65,
                    352.75,
                    358.75,
                    364.7,
                    367.9,
                    372,
                    379.8,
                    384.4,
                    390.9,
                    398.45,
                    402.6,
                    411,
                    415.35,
                    420,
                    428.25,
                    433.5,
                    437.25,
                    440.75,
                    444.8,
                    451.45,
                    457.5,
                    465.6,
                    470.9,
                    476.45,
                    484.15,
                    493,
                    498.1,
                    503.2,
                    511.3,
                    519.25,
                    524.4,
                    528.7,
                    532.7,
                    539.65,
                    543,
                    546.8,
                    552.4,
                    557.3,
                    562.65,
                    570.45
                ]
            },
            "topic": "The invitation (short story)",
            "level": 2,
            "tip": {
                "": ""
            },
            "slug": "the-invitation-short-story",
            "total_line": 67,
            "in_production": true
        }
    },
    {
        "model": "dictation.dictation",
        "pk": 6,
        "fields": {
            "video_id": "rvZWLTtEyoU",
            "filename": "BBC subtitling.txt",
            "timestamps": {
                "data": [
                    7.6,
                    11.25,
                    12.95,
                    15.95,
                    20.15,
                    26.75,
                    30.3,
                    35,
                    37.1,
                    42.65,
                    46,
                    49.2,
                    54.05,
                    58.4,
                    61.1,
                    64.7,
                    71.7,
                    75.4,
                    82.35,
                    85.7,
                    90,
                    94.4,
                    99.15,
                    103.4,
                    106.6,
                    111.3,
                    116.55,
                    121.1,
                    127.4,
                    130.65,
                    137.45,
                    141.3,
                    144.2,
                    149.25,
                    154.3,
                    161,
                    165.6,
                    169.3,
                    174.4,
                    179.2,
                    184.6,
                    188.05,
                    192.75,
                    199.8,
                    204.85,
                    208.35,
                    213,
                    216,
                    220.6,
                    223.65,
                    227.1,
                    231.2,
                    234.25,
                    239.7,
                    243.7,
                    245.8,
                    251.35,
                    255.2,
                    258.5,
                    261.25,
                    265.85,
                    270.95,
                    275.3,
                    281.35,
                    287.1,
                    290.7,
                    295.35,
                    299.2,
                    306.15,
                    309.5,
                    311.8,
                    318.1,
                    321.8,
                    326.9,
                    328.65,
                    334.4,
                    338.95,
                    343.1,
                    348.75,
                    354.7,
                    357.95,
                    362.2,
                    364.3,
                    367.9
                ]
            },
            "topic": "6 Minute English - The art of subtitling",
            "level": 3,
            "tip": {
                "a)": 19,
                "b)": 20,
                "c)": 21,
                "Boris Johnson": 70,
                "Karli Witkowska": 29,
                "Stranger Things": 11,
                "BBC Six O'clock News": 17
            },
            "slug": "6-minute-english-the-art-of-subtitling",
            "total_line": 82,
            "in_production": true
        }
    },
    {
        "model": "dictation.dictation",
        "pk": 8,
        "fields": {
            "video_id": "kpQG89oxEVo",
            "filename": "Race to recycle wind turbines in Denmark.txt",
            "timestamps": {
                "data": [
                    2.65,
                    6.35,
                    11.6,
                    15.25,
                    19.2,
                    26.4,
                    30.5,
                    35,
                    39.1,
                    45.85,
                    52.15,
                    59.5,
                    69.7,
                    76.65,
                    84.05,
                    90.9,
                    98.95,
                    105.05,
                    110.6,
                    114.1,
                    122.4,
                    124.1,
                    132.3,
                    136.25,
                    140.2,
                    144.4,
                    151.55,
                    162.05,
                    167.3,
                    173.05,
                    182.85,
                    186.25,
                    190.9,
                    194.75,
                    199.5,
                    202.4,
                    209,
                    213.9,
                    216.2,
                    220.2,
                    225.25,
                    233.1,
                    239.65,
                    242.4,
                    246.35,
                    260.5,
                    266.1,
                    272.5,
                    277.95,
                    284.1,
                    287.9,
                    289.2,
                    290.65,
                    294.7,
                    301.85,
                    308.65,
                    313.65,
                    319.05,
                    322.85,
                    326.65,
                    335.4,
                    340.65,
                    348.75
                ]
            },
            "topic": "Race to recycle wind turbines in Denmark",
            "level": 3,
            "tip": {
                "Aarhus": 45,
                "Aalborg": 27,
                "Siemens Gamesa": 26
            },
            "slug": "race-to-recycle-wind-turbines-in-denmark",
            "total_line": 61,
            "in_production": true
        }
    },
    {
        "model": "dictation.dictation",
        "pk": 9,
        "fields": {
            "video_id": "pql63k1ADgs",
            "filename": "Can-we-delay-the-menopause.txt",
            "timestamps": {
                "data": [
                    1.3,
                    5.85,
                    13.05,
                    17.75,
                    20.05,
                    26.75,
                    29.7,
                    32.8,
                    38.7,
                    43.4,
                    49.6,
                    54.8,
                    64.9,
                    75.2,
                    79.3,
                    84.15,
                    88.25,
                    95.25,
                    104.25,
                    109.3,
                    113.5,
                    118.25,
                    123.9,
                    130.3,
                    133.6,
                    138.15,
                    142.85,
                    152,
                    158.1,
                    166.7,
                    177.65,
                    186.45,
                    191.45,
                    197.35,
                    204.05,
                    206.7,
                    212.05,
                    214.7,
                    220.6,
                    223.6,
                    230.3,
                    236,
                    241.45,
                    246.1,
                    259.2,
                    265.4,
                    273.2,
                    280,
                    283.6,
                    290.3,
                    295.35,
                    298.3,
                    301.85,
                    305,
                    311.45,
                    315,
                    318.15,
                    322.2,
                    325.85,
                    331.3,
                    338.3,
                    343.35,
                    349.35,
                    356.5,
                    363.5,
                    370.15,
                    373.6,
                    377.25,
                    385.3,
                    388.6,
                    394.75,
                    403.85,
                    411,
                    416.2,
                    421.15,
                    424.55,
                    429.8,
                    432.65,
                    441,
                    443.95,
                    451.95,
                    458.05,
                    462.9,
                    468.7,
                    473.1,
                    477.75,
                    481.6,
                    484.05,
                    487.85,
                    493.1,
                    496.25,
                    511.85,
                    521,
                    527.6,
                    532.1,
                    539.45,
                    542.85,
                    547.35,
                    555.05,
                    565.2,
                    570.35,
                    578.3,
                    588,
                    592.75,
                    597.85,
                    606.25,
                    608.1,
                    611.4,
                    616.75,
                    623.7,
                    632.3,
                    637.65,
                    648,
                    653.8,
                    659.55,
                    663.8
                ]
            },
            "topic": "Can we delay the menopause? - BBC News",
            "level": 4,
            "tip": {
                "Anti-Mllerian": 70,
                "Oviva Therapeutics": 69,
                "Siobhan (O'Sullivan)": 57,
                "Buck Institute for Aging - Jennifer Garrison": 12,
                "Cambridge Biomedical Centre - Stasa Stankovic": 29
            },
            "slug": "can-we-delay-the-menopause",
            "total_line": 115,
            "in_production": true
        }
    },
    {
        "model": "dictation.dictation",
        "pk": 17,
        "fields": {
            "video_id": "AZsmyTE3j9o",
            "filename": "the-mind-bending-physics-of-time-sean-carroll.txt",
            "timestamps": {
                "data": [
                    0.2,
                    8.05,
                    12.8,
                    20.3,
                    25.5,
                    30.25,
                    34.95,
                    40,
                    44.55,
                    47.7,
                    54.3,
                    57.75,
                    59.05,
                    63.85,
                    66.85,
                    70.5,
                    73.15,
                    74.85,
                    80.45,
                    93.7,
                    100.85,
                    104.65,
                    109.1,
                    112.9,
                    115,
                    119,
                    123.4,
                    126.9,
                    129.6,
                    133.35,
                    137.55,
                    140.05,
                    144.15,
                    149.6,
                    152.4,
                    154.9,
                    157.95,
                    165.8,
                    170.2,
                    174.4,
                    177.9,
                    181.4,
                    185.6,
                    189.9,
                    194.7,
                    197.8,
                    207.2,
                    213.55,
                    217.75,
                    221.35,
                    224.55,
                    231.2,
                    234.5,
                    240.25,
                    244.85,
                    247.75,
                    252.6,
                    256.05,
                    258.75,
                    261.25,
                    268.3,
                    273.6,
                    276.5,
                    279.65,
                    283.5,
                    287.6,
                    292.65,
                    297.8,
                    302.45,
                    304.85,
                    312.7,
                    313.9,
                    318.35,
                    321.05,
                    323.15,
                    325.2,
                    328.6,
                    332.4,
                    335.2,
                    337,
                    340.2,
                    343.25,
                    348.15,
                    355.4,
                    357.75,
                    359.6,
                    361,
                    362.2,
                    365.05,
                    367.65,
                    372.55,
                    376.45,
                    380.6,
                    384.45,
                    390.7,
                    392.8,
                    398.75,
                    401.15,
                    404.7,
                    408.7,
                    413.7,
                    417.3,
                    422.95,
                    426.95,
                    428.4,
                    432.4,
                    438.2,
                    439.9,
                    443.05,
                    444.8,
                    446.4,
                    449.7,
                    454.15
                ]
            },
            "topic": "The mind-bending physics of time | Sean Carroll",
            "level": 3,
            "tip": {
                "": ""
            },
            "slug": "the-mind-bending-physics-of-time-sean-carroll",
            "total_line": 115,
            "in_production": false
        }
    },
    {
        "model": "dictation.dictation",
        "pk": 18,
        "fields": {
            "video_id": "fLJBzhcSWTk",
            "filename": "why-socrates-hated-democracy.txt",
            "timestamps": {
                "data": [
                    8.5,
                    16.25,
                    20.55,
                    25.2,
                    29.55,
                    34.25,
                    38.3,
                    43.85,
                    50.85,
                    56.45,
                    59.85,
                    63.5,
                    68.2,
                    70.7,
                    78.2,
                    83.9,
                    88,
                    96.75,
                    101.85,
                    108.15,
                    111.95,
                    116.05,
                    120.15,
                    124.75,
                    128.5,
                    132.25,
                    139.9,
                    145.9,
                    150.05,
                    152.6,
                    156.85,
                    161.05,
                    165.85,
                    171.55,
                    177.35,
                    180.95,
                    185.2,
                    187.3,
                    190.35,
                    194.75,
                    199.55,
                    202.95,
                    206.2,
                    211.85,
                    215.05,
                    220.2,
                    224.1,
                    230.05,
                    236.6
                ]
            },
            "topic": "Why Socrates Hated Democracy",
            "level": 2,
            "tip": {
                "": ""
            },
            "slug": "why-socrates-hated-democracy",
            "total_line": 47,
            "in_production": true
        }
    },
    {
        "model": "dictation.dictation",
        "pk": 19,
        "fields": {
            "video_id": "e7ho6z32yyo",
            "filename": "what-causes-earthquakes-national-geographic.txt",
            "timestamps": {
                "data": [
                    0.4,
                    2.35,
                    3.85,
                    7.2,
                    11.15,
                    13.4,
                    15.6,
                    17.65,
                    21.2,
                    24.25,
                    27.1,
                    31.45,
                    34.1,
                    37.45,
                    40.7,
                    45,
                    47.9,
                    52.85,
                    57.3,
                    60.95,
                    64,
                    69.55,
                    77,
                    79.5,
                    83,
                    90,
                    95,
                    97.5,
                    102.95,
                    107.3,
                    112.55,
                    117.2,
                    119.75,
                    123.05,
                    126.55,
                    131.8,
                    136.6,
                    143.75,
                    148.15,
                    152,
                    157.55,
                    160.95,
                    164.15,
                    168.9,
                    171.9,
                    175.9
                ]
            },
            "topic": "what causes earthquakes - National Geographic",
            "level": 4,
            "tip": {
                "": ""
            },
            "slug": "what-causes-earthquakes-national-geographic",
            "total_line": 44,
            "in_production": true
        }
    },
    {
        "model": "dictation.dictation",
        "pk": 20,
        "fields": {
            "video_id": "58BDrZH7SX8",
            "filename": "a-brief-history-of-the-united-states-michael-moore.txt",
            "timestamps": {
                "data": [
                    1.95,
                    5.3,
                    7.4,
                    10.35,
                    14.6,
                    19.05,
                    21.65,
                    25.8,
                    26.5,
                    28.5,
                    31.85,
                    34.3,
                    35.2,
                    37,
                    41.2,
                    42,
                    43.85,
                    47.35,
                    49.41,
                    52.4,
                    55.95,
                    61.85,
                    63.6,
                    65.5,
                    67.95,
                    71.85,
                    75.55,
                    76.95,
                    79.1,
                    81.8,
                    84.1,
                    85.2,
                    87.85,
                    90.65,
                    93.6,
                    97.95,
                    102.05,
                    103.6,
                    104.8,
                    106.2,
                    108.55,
                    111.7,
                    112.75,
                    115.15,
                    117.3,
                    119.05,
                    121.95,
                    130.65,
                    132.45,
                    137.9,
                    141.7,
                    144.75,
                    149.4,
                    155.45,
                    159.15,
                    160.9,
                    163.05,
                    166.45,
                    168.6,
                    169.4,
                    173.4,
                    175.9,
                    179.95,
                    190.15,
                    193.55
                ]
            },
            "topic": "A Brief History of the United States - Michael Moore",
            "level": 5,
            "tip": {
                "Ku Klux Klan (KKK)": 48,
                "National Rifle Association (NRA)": 49
            },
            "slug": "a-brief-history-of-the-united-states-michael-moore",
            "total_line": 65,
            "in_production": true
        }
    },
    {
        "model": "dictation.dictation",
        "pk": 21,
        "fields": {
            "video_id": "g8Qav3vIv9s",
            "filename": "how-are-microchips-made.txt",
            "timestamps": {
                "data": [
                    4.5,
                    8.8,
                    11.55,
                    16.8,
                    22.1,
                    26.35,
                    29.95,
                    31.35,
                    33.65,
                    37.75,
                    42,
                    47.55,
                    52.1,
                    57.7,
                    62.7,
                    65.45,
                    67.55,
                    73.75,
                    78,
                    82.85,
                    89.35,
                    95.65,
                    98.9,
                    103.45,
                    109.65,
                    114,
                    119.35,
                    122.95,
                    125.6,
                    130.35,
                    133.3,
                    137.6,
                    141.5,
                    148.1,
                    151.6,
                    155.8,
                    159.25,
                    163.15,
                    168.65,
                    171.5,
                    175.65,
                    178.3,
                    186.5,
                    190.7,
                    194.7,
                    198.05,
                    202.6,
                    208.2,
                    213.4,
                    217,
                    221.05,
                    226.05,
                    228.6,
                    232.4,
                    235.4,
                    240.45,
                    245.45,
                    249.6,
                    254.3,
                    256.65,
                    262.05,
                    265.85,
                    270.7,
                    275,
                    280.75,
                    283.3,
                    289.9,
                    294.45,
                    298.8,
                    304.7,
                    309.75,
                    313.5
                ]
            },
            "topic": "How are microchips made?",
            "level": 3,
            "tip": {
                "boule": 21,
                "Moore's law": 60,
                "Spell -> 8x10": "69"
            },
            "slug": "how-are-microchips-made",
            "total_line": 71,
            "in_production": true
        }
    },
    {
        "model": "dictation.practice",
        "pk": 23,
        "fields": {
            "user": 1,
            "dictation": 3,
            "user_current_line": 18,
            "lines": {
                "data": [
                    0,
                    1,
                    2,
                    3,
                    4,
                    5,
                    6,
                    7,
                    8,
                    9,
                    10,
                    11,
                    12,
                    13,
                    14,
                    15,
                    16,
                    17
                ]
            },
            "user_rating": "3",
            "is_done": false
        }
    },
    {
        "model": "dictation.practice",
        "pk": 24,
        "fields": {
            "user": 2,
            "dictation": 3,
            "user_current_line": 0,
            "lines": {
                "data": []
            },
            "user_rating": null,
            "is_done": false
        }
    },
    {
        "model": "dictation.practice",
        "pk": 25,
        "fields": {
            "user": 1,
            "dictation": 5,
            "user_current_line": 19,
            "lines": {
                "data": [
                    0,
                    1,
                    2,
                    3,
                    4,
                    5,
                    6,
                    7,
                    8,
                    9,
                    10,
                    11,
                    12,
                    13,
                    14,
                    15,
                    16,
                    17,
                    18
                ]
            },
            "user_rating": "2",
            "is_done": false
        }
    },
    {
        "model": "dictation.practice",
        "pk": 26,
        "fields": {
            "user": 1,
            "dictation": 9,
            "user_current_line": null,
            "lines": {
                "data": []
            },
            "user_rating": "4",
            "is_done": false
        }
    },
    {
        "model": "dictation.practice",
        "pk": 27,
        "fields": {
            "user": 1,
            "dictation": 4,
            "user_current_line": 1,
            "lines": {
                "data": [
                    0
                ]
            },
            "user_rating": "4",
            "is_done": false
        }
    },
    {
        "model": "dictation.practice",
        "pk": 28,
        "fields": {
            "user": 1,
            "dictation": 8,
            "user_current_line": 0,
            "lines": {
                "data": []
            },
            "user_rating": "3",
            "is_done": false
        }
    },
    {
        "model": "dictation.practice",
        "pk": 29,
        "fields": {
            "user": 2,
            "dictation": 9,
            "user_current_line": 0,
            "lines": {
                "data": []
            },
            "user_rating": "5",
            "is_done": false
        }
    },
    {
        "model": "dictation.practice",
        "pk": 30,
        "fields": {
            "user": 1,
            "dictation": 1,
            "user_current_line": 125,
            "lines": {
                "data": [
                    0,
                    1,
                    2,
                    3,
                    4,
                    5,
                    6,
                    7,
                    8,
                    9,
                    10,
                    11,
                    12,
                    13,
                    14,
                    15,
                    16,
                    17,
                    18,
                    19,
                    20,
                    21,
                    22,
                    23,
                    24,
                    25,
                    26,
                    27,
                    28,
                    29,
                    30,
                    31,
                    32,
                    33,
                    34,
                    35,
                    36,
                    37,
                    38,
                    39,
                    40,
                    41,
                    42,
                    43,
                    44,
                    45,
                    46,
                    47,
                    48,
                    49,
                    50,
                    51,
                    52,
                    53,
                    54,
                    55,
                    56,
                    57,
                    58,
                    59,
                    60,
                    61,
                    62,
                    63,
                    64,
                    65,
                    66,
                    67,
                    68,
                    69,
                    70,
                    71,
                    72,
                    73,
                    74,
                    75,
                    76,
                    77,
                    78,
                    79,
                    80,
                    81,
                    82,
                    83,
                    84,
                    85,
                    86,
                    87,
                    88,
                    89,
                    90,
                    91,
                    92,
                    93,
                    94,
                    95,
                    96,
                    97,
                    98,
                    99,
                    100,
                    101,
                    102,
                    103,
                    104,
                    105,
                    106,
                    107,
                    108,
                    109,
                    110,
                    111,
                    112,
                    113,
                    114,
                    115,
                    116,
                    117,
                    118,
                    119,
                    120,
                    121,
                    122,
                    123,
                    124
                ]
            },
            "user_rating": "3",
            "is_done": true
        }
    },
    {
        "model": "dictation.practice",
        "pk": 31,
        "fields": {
            "user": 1,
            "dictation": 2,
            "user_current_line": 0,
            "lines": {
                "data": []
            },
            "user_rating": "4",
            "is_done": false
        }
    },
    {
        "model": "dictation.practice",
        "pk": 32,
        "fields": {
            "user": 1,
            "dictation": 6,
            "user_current_line": 76,
            "lines": {
                "data": [
                    0,
                    1,
                    2,
                    3,
                    4,
                    5,
                    6,
                    7,
                    8,
                    9,
                    10,
                    11,
                    12,
                    13,
                    14,
                    15,
                    16,
                    17,
                    18,
                    19,
                    20,
                    21,
                    22,
                    23,
                    24,
                    25,
                    26,
                    27,
                    28,
                    29,
                    30,
                    31,
                    32,
                    33,
                    34,
                    35,
                    36,
                    37,
                    38,
                    39,
                    40,
                    41,
                    42,
                    43,
                    44,
                    45,
                    46,
                    47,
                    48,
                    49,
                    50,
                    51,
                    52,
                    53,
                    54,
                    55,
                    56,
                    57,
                    58,
                    59,
                    60,
                    61,
                    62,
                    63,
                    64,
                    65,
                    66,
                    67,
                    68,
                    69,
                    70,
                    71,
                    72,
                    73,
                    74,
                    75,
                    76,
                    77,
                    78,
                    79,
                    80,
                    81
                ]
            },
            "user_rating": "3",
            "is_done": true
        }
    },
    {
        "model": "dictation.practice",
        "pk": 33,
        "fields": {
            "user": 2,
            "dictation": 4,
            "user_current_line": 46,
            "lines": {
                "data": [
                    0,
                    1,
                    2,
                    3,
                    4,
                    5,
                    6,
                    7,
                    8,
                    9,
                    10,
                    11,
                    12,
                    13,
                    14,
                    15,
                    16,
                    17,
                    18,
                    19,
                    20,
                    21,
                    22,
                    23,
                    24,
                    25,
                    26,
                    27,
                    28,
                    29,
                    30,
                    31,
                    32,
                    33,
                    34,
                    35,
                    36,
                    37,
                    38,
                    39,
                    40,
                    41,
                    42,
                    43,
                    44,
                    45
                ]
            },
            "user_rating": "4",
            "is_done": false
        }
    },
    {
        "model": "dictation.practice",
        "pk": 34,
        "fields": {
            "user": 5,
            "dictation": 4,
            "user_current_line": 3,
            "lines": {
                "data": [
                    0,
                    1,
                    2
                ]
            },
            "user_rating": "5",
            "is_done": false
        }
    },
    {
        "model": "dictation.practice",
        "pk": 38,
        "fields": {
            "user": 2,
            "dictation": 2,
            "user_current_line": null,
            "lines": {
                "data": []
            },
            "user_rating": null,
            "is_done": false
        }
    },
    {
        "model": "dictation.practice",
        "pk": 39,
        "fields": {
            "user": 2,
            "dictation": 6,
            "user_current_line": null,
            "lines": {
                "data": []
            },
            "user_rating": null,
            "is_done": false
        }
    },
    {
        "model": "dictation.practice",
        "pk": 40,
        "fields": {
            "user": 2,
            "dictation": 5,
            "user_current_line": 1,
            "lines": {
                "data": [
                    0
                ]
            },
            "user_rating": null,
            "is_done": false
        }
    },
    {
        "model": "dictation.practice",
        "pk": 47,
        "fields": {
            "user": 1,
            "dictation": 17,
            "user_current_line": 0,
            "lines": {
                "data": []
            },
            "user_rating": null,
            "is_done": false
        }
    },
    {
        "model": "dictation.practice",
        "pk": 48,
        "fields": {
            "user": 1,
            "dictation": 18,
            "user_current_line": 47,
            "lines": {
                "data": [
                    0,
                    1,
                    2,
                    3,
                    4,
                    5,
                    6,
                    7,
                    8,
                    9,
                    10,
                    11,
                    12,
                    13,
                    14,
                    15,
                    16,
                    17,
                    18,
                    19,
                    20,
                    21,
                    22,
                    23,
                    24,
                    25,
                    26,
                    27,
                    28,
                    29,
                    30,
                    31,
                    32,
                    33,
                    34,
                    35,
                    36,
                    37,
                    38,
                    39,
                    40,
                    41,
                    42,
                    43,
                    44,
                    45,
                    46
                ]
            },
            "user_rating": "2",
            "is_done": true
        }
    },
    {
        "model": "dictation.practice",
        "pk": 49,
        "fields": {
            "user": 1,
            "dictation": 19,
            "user_current_line": null,
            "lines": {
                "data": []
            },
            "user_rating": "4",
            "is_done": false
        }
    },
    {
        "model": "dictation.practice",
        "pk": 50,
        "fields": {
            "user": 1,
            "dictation": 20,
            "user_current_line": 40,
            "lines": {
                "data": [
                    0,
                    1,
                    2,
                    3,
                    4,
                    5,
                    6,
                    7,
                    8,
                    9,
                    10,
                    11,
                    12,
                    13,
                    14,
                    15,
                    16,
                    17,
                    18,
                    19,
                    20,
                    21,
                    22,
                    23,
                    24,
                    25,
                    26,
                    27,
                    28,
                    29,
                    30,
                    31,
                    32,
                    33,
                    34,
                    35,
                    36,
                    37,
                    38,
                    39
                ]
            },
            "user_rating": "5",
            "is_done": false
        }
    },
    {
        "model": "dictation.practice",
        "pk": 51,
        "fields": {
            "user": 18,
            "dictation": 20,
            "user_current_line": null,
            "lines": {
                "data": []
            },
            "user_rating": null,
            "is_done": false
        }
    },
    {
        "model": "dictation.practice",
        "pk": 52,
        "fields": {
            "user": 2,
            "dictation": 20,
            "user_current_line": null,
            "lines": {
                "data": []
            },
            "user_rating": null,
            "is_done": false
        }
    },
    {
        "model": "dictation.practice",
        "pk": 53,
        "fields": {
            "user": 35,
            "dictation": 20,
            "user_current_line": null,
            "lines": {
                "data": []
            },
            "user_rating": null,
            "is_done": false
        }
    },
    {
        "model": "dictation.practice",
        "pk": 54,
        "fields": {
            "user": 35,
            "dictation": 19,
            "user_current_line": 6,
            "lines": {
                "data": [
                    0,
                    1,
                    2,
                    3,
                    4,
                    5
                ]
            },
            "user_rating": null,
            "is_done": false
        }
    },
    {
        "model": "dictation_auth.user",
        "pk": 1,
        "fields": {
            "password": "pbkdf2_sha256$720000$sXS7jiqO3ZveSn4qjZVyfT$0tZMlrSy8Rk7E8eTk6p/YuVSHuBWbaEal4od1ZPe5Qg=",
            "last_login": "2024-01-09T15:26:46.295Z",
            "is_superuser": true,
            "username": "dicadmin",
            "first_name": "",
            "last_name": "",
            "is_staff": true,
            "is_active": true,
            "date_joined": "2023-12-14T12:34:47.942Z",
            "email": "dicadmin@localhost.com",
            "email_confirmed": false,
            "groups": [],
            "user_permissions": []
        }
    },
    {
        "model": "dictation_auth.user",
        "pk": 2,
        "fields": {
            "password": "pbkdf2_sha256$720000$2947AsSqUxOzK1B39d6QoF$SyeTZatXTkOwUgOhbvyH0Z2B1IML6AqNTLIdANrWviY=",
            "last_login": "2024-01-08T11:17:19.787Z",
            "is_superuser": false,
            "username": "dje",
            "first_name": "",
            "last_name": "",
            "is_staff": false,
            "is_active": true,
            "date_joined": "2023-12-14T16:33:14.518Z",
            "email": "dje@dje.com",
            "email_confirmed": false,
            "groups": [],
            "user_permissions": []
        }
    },
    {
        "model": "dictation_auth.user",
        "pk": 5,
        "fields": {
            "password": "pbkdf2_sha256$720000$TG4ioAy9h3uXpHWyeLdP2q$XYqpEtTo2vkq3+F3Pves5QNhAJI9ddFzA5c/PlIf+go=",
            "last_login": "2023-12-21T23:51:17.551Z",
            "is_superuser": false,
            "username": "bob",
            "first_name": "",
            "last_name": "",
            "is_staff": false,
            "is_active": true,
            "date_joined": "2023-12-21T22:40:17.253Z",
            "email": "bob@bob.com",
            "email_confirmed": false,
            "groups": [],
            "user_permissions": []
        }
    },
    {
        "model": "dictation_auth.user",
        "pk": 18,
        "fields": {
            "password": "pbkdf2_sha256$720000$ay72tLNmmorjwLrRUEJAOF$Kr8qRuZh9O5Gqvb4GPbGT9xiGhGfli1X5l9Kt4k6Ju4=",
            "last_login": "2024-01-06T02:54:30.743Z",
            "is_superuser": false,
            "username": "christ0",
            "first_name": "",
            "last_name": "",
            "is_staff": false,
            "is_active": true,
            "date_joined": "2024-01-05T10:04:05.875Z",
            "email": "christ@noel.com",
            "email_confirmed": false,
            "groups": [],
            "user_permissions": []
        }
    },
    {
        "model": "dictation_auth.user",
        "pk": 35,
        "fields": {
            "password": "pbkdf2_sha256$720000$KO3bM6vQK7i9VKJfNrg2UQ$OcPDimf8yIF/sfEgeFY3vPwFhbqY1x3PhJnlXBSJLI4=",
            "last_login": "2024-01-08T09:26:58.149Z",
            "is_superuser": false,
            "username": "booc",
            "first_name": "boobooc",
            "last_name": "booboobooc",
            "is_staff": false,
            "is_active": true,
            "date_joined": "2024-01-06T23:00:28.255Z",
            "email": "boo@boo.com",
            "email_confirmed": false,
            "groups": [],
            "user_permissions": []
        }
    }
]